model,ch,seed,fold,acc_A,f1_A,acc_B,f1_B
M01,62ch,1,1,0.31696606786427145,0.3163639258378321,0.31696606786427145,0.3163639258378321
M01,62ch,1,2,0.429940119760479,0.4257716264948791,0.429940119760479,0.4257716264948791
M01,62ch,1,3,0.3337325349301397,0.324465493965041,0.3337325349301397,0.324465493965041
M01,62ch,1,4,0.5405189620758483,0.5280004089021326,0.5405189620758483,0.5280004089021326
M01,62ch,1,5,0.38203592814371257,0.3765247220469281,0.38203592814371257,0.3765247220469281
M01,62ch,1,6,0.3660678642714571,0.3560839949601026,0.3660678642714571,0.3560839949601026
M01,62ch,1,7,0.6363273453093813,0.6316660106368049,0.6363273453093813,0.6316660106368049
M01,62ch,1,8,0.3473053892215569,0.3452584807185026,0.3473053892215569,0.3452584807185026
M01,62ch,1,9,0.30419161676646705,0.2539116088469852,0.30419161676646705,0.2539116088469852
M01,62ch,1,10,0.481437125748503,0.477763680175736,0.481437125748503,0.477763680175736
M01,62ch,1,11,0.269061876247505,0.2411108027137975,0.269061876247505,0.2411108027137975
M01,62ch,1,12,0.5281437125748503,0.5267339107235128,0.5281437125748503,0.5267339107235128
M01,62ch,1,13,0.4127744510978044,0.40996897148040773,0.4127744510978044,0.40996897148040773
M01,62ch,1,14,0.4403193612774451,0.4400072796442486,0.4403193612774451,0.4400072796442486
M01,62ch,1,15,0.612375249500998,0.6186642566794464,0.612375249500998,0.6186642566794464
M01,62ch,7,1,0.31696606786427145,0.3163639258378321,0.31696606786427145,0.3163639258378321
M01,62ch,7,2,0.429940119760479,0.4257716264948791,0.429940119760479,0.4257716264948791
M01,62ch,7,3,0.3337325349301397,0.324465493965041,0.3337325349301397,0.324465493965041
M01,62ch,7,4,0.5405189620758483,0.5280004089021326,0.5405189620758483,0.5280004089021326
M01,62ch,7,5,0.38203592814371257,0.3765247220469281,0.38203592814371257,0.3765247220469281
M01,62ch,7,6,0.3660678642714571,0.3560839949601026,0.3660678642714571,0.3560839949601026
M01,62ch,7,7,0.6363273453093813,0.6316660106368049,0.6363273453093813,0.6316660106368049
M01,62ch,7,8,0.3473053892215569,0.3452584807185026,0.3473053892215569,0.3452584807185026
M01,62ch,7,9,0.30419161676646705,0.2539116088469852,0.30419161676646705,0.2539116088469852
M01,62ch,7,10,0.481437125748503,0.477763680175736,0.481437125748503,0.477763680175736
M01,62ch,7,11,0.269061876247505,0.2411108027137975,0.269061876247505,0.2411108027137975
M01,62ch,7,12,0.5281437125748503,0.5267339107235128,0.5281437125748503,0.5267339107235128
M01,62ch,7,13,0.4127744510978044,0.40996897148040773,0.4127744510978044,0.40996897148040773
M01,62ch,7,14,0.4403193612774451,0.4400072796442486,0.4403193612774451,0.4400072796442486
M01,62ch,7,15,0.612375249500998,0.6186642566794464,0.612375249500998,0.6186642566794464
M01,62ch,21,1,0.31696606786427145,0.3163639258378321,0.31696606786427145,0.3163639258378321
M01,62ch,21,2,0.429940119760479,0.4257716264948791,0.429940119760479,0.4257716264948791
M01,62ch,21,3,0.3337325349301397,0.324465493965041,0.3337325349301397,0.324465493965041
M01,62ch,21,4,0.5405189620758483,0.5280004089021326,0.5405189620758483,0.5280004089021326
M01,62ch,21,5,0.38203592814371257,0.3765247220469281,0.38203592814371257,0.3765247220469281
M01,62ch,21,6,0.3660678642714571,0.3560839949601026,0.3660678642714571,0.3560839949601026
M01,62ch,21,7,0.6363273453093813,0.6316660106368049,0.6363273453093813,0.6316660106368049
M01,62ch,21,8,0.3473053892215569,0.3452584807185026,0.3473053892215569,0.3452584807185026
M01,62ch,21,9,0.30419161676646705,0.2539116088469852,0.30419161676646705,0.2539116088469852
M01,62ch,21,10,0.481437125748503,0.477763680175736,0.481437125748503,0.477763680175736
M01,62ch,21,11,0.269061876247505,0.2411108027137975,0.269061876247505,0.2411108027137975
M01,62ch,21,12,0.5281437125748503,0.5267339107235128,0.5281437125748503,0.5267339107235128
M01,62ch,21,13,0.4127744510978044,0.40996897148040773,0.4127744510978044,0.40996897148040773
M01,62ch,21,14,0.4403193612774451,0.4400072796442486,0.4403193612774451,0.4400072796442486
M01,62ch,21,15,0.612375249500998,0.6186642566794464,0.612375249500998,0.6186642566794464
M01,6ch,1,1,0.4946107784431138,0.49528163422534643,0.4946107784431138,0.49528163422534643
M01,6ch,1,2,0.30459081836327345,0.2802285691882638,0.30459081836327345,0.2802285691882638
M01,6ch,1,3,0.38083832335329343,0.35916004838912446,0.38083832335329343,0.35916004838912446
M01,6ch,1,4,0.6167664670658682,0.5969486194780629,0.6167664670658682,0.5969486194780629
M01,6ch,1,5,0.4251497005988024,0.4081451828725865,0.4251497005988024,0.4081451828725865
M01,6ch,1,6,0.26027944111776447,0.2597896518207343,0.26027944111776447,0.2597896518207343
M01,6ch,1,7,0.5161676646706587,0.5109887453765937,0.5161676646706587,0.5109887453765937
M01,6ch,1,8,0.36686626746506984,0.37257562518461085,0.36686626746506984,0.37257562518461085
M01,6ch,1,9,0.5453093812375249,0.5317654055752483,0.5453093812375249,0.5317654055752483
M01,6ch,1,10,0.5768463073852296,0.5822565401502451,0.5768463073852296,0.5822565401502451
M01,6ch,1,11,0.32295409181636725,0.32760159486921514,0.32295409181636725,0.32760159486921514
M01,6ch,1,12,0.31656686626746505,0.3073786271125183,0.31656686626746505,0.3073786271125183
M01,6ch,1,13,0.3021956087824351,0.2643679499906233,0.3021956087824351,0.2643679499906233
M01,6ch,1,14,0.5241516966067864,0.5117180950351449,0.5241516966067864,0.5117180950351449
M01,6ch,1,15,0.43313373253493015,0.44730658671811685,0.43313373253493015,0.44730658671811685
M01,6ch,7,1,0.4946107784431138,0.49528163422534643,0.4946107784431138,0.49528163422534643
M01,6ch,7,2,0.30459081836327345,0.2802285691882638,0.30459081836327345,0.2802285691882638
M01,6ch,7,3,0.38083832335329343,0.35916004838912446,0.38083832335329343,0.35916004838912446
M01,6ch,7,4,0.6167664670658682,0.5969486194780629,0.6167664670658682,0.5969486194780629
M01,6ch,7,5,0.4251497005988024,0.4081451828725865,0.4251497005988024,0.4081451828725865
M01,6ch,7,6,0.26027944111776447,0.2597896518207343,0.26027944111776447,0.2597896518207343
M01,6ch,7,7,0.5161676646706587,0.5109887453765937,0.5161676646706587,0.5109887453765937
M01,6ch,7,8,0.36686626746506984,0.37257562518461085,0.36686626746506984,0.37257562518461085
M01,6ch,7,9,0.5453093812375249,0.5317654055752483,0.5453093812375249,0.5317654055752483
M01,6ch,7,10,0.5768463073852296,0.5822565401502451,0.5768463073852296,0.5822565401502451
M01,6ch,7,11,0.32295409181636725,0.32760159486921514,0.32295409181636725,0.32760159486921514
M01,6ch,7,12,0.31656686626746505,0.3073786271125183,0.31656686626746505,0.3073786271125183
M01,6ch,7,13,0.3021956087824351,0.2643679499906233,0.3021956087824351,0.2643679499906233
M01,6ch,7,14,0.5241516966067864,0.5117180950351449,0.5241516966067864,0.5117180950351449
M01,6ch,7,15,0.43313373253493015,0.44730658671811685,0.43313373253493015,0.44730658671811685
M01,6ch,21,1,0.4946107784431138,0.49528163422534643,0.4946107784431138,0.49528163422534643
M01,6ch,21,2,0.30459081836327345,0.2802285691882638,0.30459081836327345,0.2802285691882638
M01,6ch,21,3,0.38083832335329343,0.35916004838912446,0.38083832335329343,0.35916004838912446
M01,6ch,21,4,0.6167664670658682,0.5969486194780629,0.6167664670658682,0.5969486194780629
M01,6ch,21,5,0.4251497005988024,0.4081451828725865,0.4251497005988024,0.4081451828725865
M01,6ch,21,6,0.26027944111776447,0.2597896518207343,0.26027944111776447,0.2597896518207343
M01,6ch,21,7,0.5161676646706587,0.5109887453765937,0.5161676646706587,0.5109887453765937
M01,6ch,21,8,0.36686626746506984,0.37257562518461085,0.36686626746506984,0.37257562518461085
M01,6ch,21,9,0.5453093812375249,0.5317654055752483,0.5453093812375249,0.5317654055752483
M01,6ch,21,10,0.5768463073852296,0.5822565401502451,0.5768463073852296,0.5822565401502451
M01,6ch,21,11,0.32295409181636725,0.32760159486921514,0.32295409181636725,0.32760159486921514
M01,6ch,21,12,0.31656686626746505,0.3073786271125183,0.31656686626746505,0.3073786271125183
M01,6ch,21,13,0.3021956087824351,0.2643679499906233,0.3021956087824351,0.2643679499906233
M01,6ch,21,14,0.5241516966067864,0.5117180950351449,0.5241516966067864,0.5117180950351449
M01,6ch,21,15,0.43313373253493015,0.44730658671811685,0.43313373253493015,0.44730658671811685
M02,62ch,1,1,0.3445109780439122,0.3527205692501928,0.3445109780439122,0.3527205692501928
M02,62ch,1,2,0.5253493013972056,0.5135980573758528,0.5253493013972056,0.5135980573758528
M02,62ch,1,3,0.35808383233532937,0.3494544895175714,0.35808383233532937,0.3494544895175714
M02,62ch,1,4,0.5173652694610779,0.49921398164850406,0.5173652694610779,0.49921398164850406
M02,62ch,1,5,0.3532934131736527,0.3445146743153576,0.3532934131736527,0.3445146743153576
M02,62ch,1,6,0.3904191616766467,0.3940791270470758,0.3904191616766467,0.3940791270470758
M02,62ch,1,7,0.6007984031936128,0.6075800798880826,0.6007984031936128,0.6075800798880826
M02,62ch,1,8,0.4754491017964072,0.48126371380356936,0.4754491017964072,0.48126371380356936
M02,62ch,1,9,0.5037924151696607,0.4803423336687419,0.5037924151696607,0.4803423336687419
M02,62ch,1,10,0.49261477045908186,0.4789562173314831,0.49261477045908186,0.4789562173314831
M02,62ch,1,11,0.2686626746506986,0.21696169789785236,0.2686626746506986,0.21696169789785236
M02,62ch,1,12,0.474251497005988,0.4534530166224755,0.474251497005988,0.4534530166224755
M02,62ch,1,13,0.41437125748502995,0.40843468339321326,0.41437125748502995,0.40843468339321326
M02,62ch,1,14,0.4738522954091816,0.472268594268906,0.4738522954091816,0.472268594268906
M02,62ch,1,15,0.6463073852295409,0.6555965860907045,0.6463073852295409,0.6555965860907045
M02,62ch,7,1,0.3445109780439122,0.3527205692501928,0.3445109780439122,0.3527205692501928
M02,62ch,7,2,0.5253493013972056,0.5135980573758528,0.5253493013972056,0.5135980573758528
M02,62ch,7,3,0.35808383233532937,0.3494544895175714,0.35808383233532937,0.3494544895175714
M02,62ch,7,4,0.5173652694610779,0.49921398164850406,0.5173652694610779,0.49921398164850406
M02,62ch,7,5,0.3532934131736527,0.3445146743153576,0.3532934131736527,0.3445146743153576
M02,62ch,7,6,0.3904191616766467,0.3940791270470758,0.3904191616766467,0.3940791270470758
M02,62ch,7,7,0.6007984031936128,0.6075800798880826,0.6007984031936128,0.6075800798880826
M02,62ch,7,8,0.4754491017964072,0.48126371380356936,0.4754491017964072,0.48126371380356936
M02,62ch,7,9,0.5037924151696607,0.4803423336687419,0.5037924151696607,0.4803423336687419
M02,62ch,7,10,0.49261477045908186,0.4789562173314831,0.49261477045908186,0.4789562173314831
M02,62ch,7,11,0.2686626746506986,0.21696169789785236,0.2686626746506986,0.21696169789785236
M02,62ch,7,12,0.474251497005988,0.4534530166224755,0.474251497005988,0.4534530166224755
M02,62ch,7,13,0.41437125748502995,0.40843468339321326,0.41437125748502995,0.40843468339321326
M02,62ch,7,14,0.4738522954091816,0.472268594268906,0.4738522954091816,0.472268594268906
M02,62ch,7,15,0.6463073852295409,0.6555965860907045,0.6463073852295409,0.6555965860907045
M02,62ch,21,1,0.3445109780439122,0.3527205692501928,0.3445109780439122,0.3527205692501928
M02,62ch,21,2,0.5253493013972056,0.5135980573758528,0.5253493013972056,0.5135980573758528
M02,62ch,21,3,0.35808383233532937,0.3494544895175714,0.35808383233532937,0.3494544895175714
M02,62ch,21,4,0.5173652694610779,0.49921398164850406,0.5173652694610779,0.49921398164850406
M02,62ch,21,5,0.3532934131736527,0.3445146743153576,0.3532934131736527,0.3445146743153576
M02,62ch,21,6,0.3904191616766467,0.3940791270470758,0.3904191616766467,0.3940791270470758
M02,62ch,21,7,0.6007984031936128,0.6075800798880826,0.6007984031936128,0.6075800798880826
M02,62ch,21,8,0.4754491017964072,0.48126371380356936,0.4754491017964072,0.48126371380356936
M02,62ch,21,9,0.5037924151696607,0.4803423336687419,0.5037924151696607,0.4803423336687419
M02,62ch,21,10,0.49261477045908186,0.4789562173314831,0.49261477045908186,0.4789562173314831
M02,62ch,21,11,0.2686626746506986,0.21696169789785236,0.2686626746506986,0.21696169789785236
M02,62ch,21,12,0.474251497005988,0.4534530166224755,0.474251497005988,0.4534530166224755
M02,62ch,21,13,0.41437125748502995,0.40843468339321326,0.41437125748502995,0.40843468339321326
M02,62ch,21,14,0.4738522954091816,0.472268594268906,0.4738522954091816,0.472268594268906
M02,62ch,21,15,0.6463073852295409,0.6555965860907045,0.6463073852295409,0.6555965860907045
M02,6ch,1,1,0.4810379241516966,0.48177595830521003,0.4810379241516966,0.48177595830521003
M02,6ch,1,2,0.2962075848303393,0.2828586494579077,0.2962075848303393,0.2828586494579077
M02,6ch,1,3,0.4039920159680639,0.3910088882054049,0.4039920159680639,0.3910088882054049
M02,6ch,1,4,0.5812375249500998,0.5721492438705922,0.5812375249500998,0.5721492438705922
M02,6ch,1,5,0.41916167664670656,0.40572739333864233,0.41916167664670656,0.40572739333864233
M02,6ch,1,6,0.33812375249501,0.3477355339607784,0.33812375249501,0.3477355339607784
M02,6ch,1,7,0.5704590818363273,0.5638626857132379,0.5704590818363273,0.5638626857132379
M02,6ch,1,8,0.35768463073852297,0.3738610480407325,0.35768463073852297,0.3738610480407325
M02,6ch,1,9,0.43952095808383235,0.42465672531160414,0.43952095808383235,0.42465672531160414
M02,6ch,1,10,0.5580838323353293,0.5621924734447479,0.5580838323353293,0.5621924734447479
M02,6ch,1,11,0.2942115768463074,0.27312512385380633,0.2942115768463074,0.27312512385380633
M02,6ch,1,12,0.2958083832335329,0.2843212511225744,0.2958083832335329,0.2843212511225744
M02,6ch,1,13,0.2782435129740519,0.24198209832289297,0.2782435129740519,0.24198209832289297
M02,6ch,1,14,0.481437125748503,0.4656382276236887,0.481437125748503,0.4656382276236887
M02,6ch,1,15,0.4351297405189621,0.44312220969673066,0.4351297405189621,0.44312220969673066
M02,6ch,7,1,0.4810379241516966,0.48177595830521003,0.4810379241516966,0.48177595830521003
M02,6ch,7,2,0.2962075848303393,0.2828586494579077,0.2962075848303393,0.2828586494579077
M02,6ch,7,3,0.4039920159680639,0.3910088882054049,0.4039920159680639,0.3910088882054049
M02,6ch,7,4,0.5812375249500998,0.5721492438705922,0.5812375249500998,0.5721492438705922
M02,6ch,7,5,0.41916167664670656,0.40572739333864233,0.41916167664670656,0.40572739333864233
M02,6ch,7,6,0.33812375249501,0.3477355339607784,0.33812375249501,0.3477355339607784
M02,6ch,7,7,0.5704590818363273,0.5638626857132379,0.5704590818363273,0.5638626857132379
M02,6ch,7,8,0.35768463073852297,0.3738610480407325,0.35768463073852297,0.3738610480407325
M02,6ch,7,9,0.43952095808383235,0.42465672531160414,0.43952095808383235,0.42465672531160414
M02,6ch,7,10,0.5580838323353293,0.5621924734447479,0.5580838323353293,0.5621924734447479
M02,6ch,7,11,0.2942115768463074,0.27312512385380633,0.2942115768463074,0.27312512385380633
M02,6ch,7,12,0.2958083832335329,0.2843212511225744,0.2958083832335329,0.2843212511225744
M02,6ch,7,13,0.2782435129740519,0.24198209832289297,0.2782435129740519,0.24198209832289297
M02,6ch,7,14,0.481437125748503,0.4656382276236887,0.481437125748503,0.4656382276236887
M02,6ch,7,15,0.4351297405189621,0.44312220969673066,0.4351297405189621,0.44312220969673066
M02,6ch,21,1,0.4810379241516966,0.48177595830521003,0.4810379241516966,0.48177595830521003
M02,6ch,21,2,0.2962075848303393,0.2828586494579077,0.2962075848303393,0.2828586494579077
M02,6ch,21,3,0.4039920159680639,0.3910088882054049,0.4039920159680639,0.3910088882054049
M02,6ch,21,4,0.5812375249500998,0.5721492438705922,0.5812375249500998,0.5721492438705922
M02,6ch,21,5,0.41916167664670656,0.40572739333864233,0.41916167664670656,0.40572739333864233
M02,6ch,21,6,0.33812375249501,0.3477355339607784,0.33812375249501,0.3477355339607784
M02,6ch,21,7,0.5704590818363273,0.5638626857132379,0.5704590818363273,0.5638626857132379
M02,6ch,21,8,0.35768463073852297,0.3738610480407325,0.35768463073852297,0.3738610480407325
M02,6ch,21,9,0.43952095808383235,0.42465672531160414,0.43952095808383235,0.42465672531160414
M02,6ch,21,10,0.5580838323353293,0.5621924734447479,0.5580838323353293,0.5621924734447479
M02,6ch,21,11,0.2942115768463074,0.27312512385380633,0.2942115768463074,0.27312512385380633
M02,6ch,21,12,0.2958083832335329,0.2843212511225744,0.2958083832335329,0.2843212511225744
M02,6ch,21,13,0.2782435129740519,0.24198209832289297,0.2782435129740519,0.24198209832289297
M02,6ch,21,14,0.481437125748503,0.4656382276236887,0.481437125748503,0.4656382276236887
M02,6ch,21,15,0.4351297405189621,0.44312220969673066,0.4351297405189621,0.44312220969673066
M03,62ch,1,1,0.4347305389221557,0.4385317353677233,0.4347305389221557,0.4385317353677233
M03,62ch,1,2,0.6171656686626746,0.6203618829926425,0.6171656686626746,0.6203618829926425
M03,62ch,1,3,0.41916167664670656,0.4222603781839926,0.41916167664670656,0.4222603781839926
M03,62ch,1,4,0.5437125748502994,0.5361665480715118,0.5437125748502994,0.5361665480715118
M03,62ch,1,5,0.4411177644710579,0.39289130619532436,0.4411177644710579,0.39289130619532436
M03,62ch,1,6,0.41397205588822356,0.40797001131392274,0.41397205588822356,0.40797001131392274
M03,62ch,1,7,0.7385229540918163,0.7318150476094955,0.7385229540918163,0.7318150476094955
M03,62ch,1,8,0.48223552894211574,0.4761918081120142,0.48223552894211574,0.4761918081120142
M03,62ch,1,9,0.4339321357285429,0.4438452800820671,0.4339321357285429,0.4438452800820671
M03,62ch,1,10,0.49181636726546907,0.48348340775083104,0.49181636726546907,0.48348340775083104
M03,62ch,1,11,0.3500998003992016,0.33562821977029567,0.3500998003992016,0.33562821977029567
M03,62ch,1,12,0.4562874251497006,0.4555311246292162,0.4562874251497006,0.4555311246292162
M03,62ch,1,13,0.40119760479041916,0.3976056276557275,0.40119760479041916,0.3976056276557275
M03,62ch,1,14,0.5013972055888224,0.4989930896745447,0.5013972055888224,0.4989930896745447
M03,62ch,1,15,0.555688622754491,0.5547963656524059,0.555688622754491,0.5547963656524059
M03,62ch,7,1,0.4347305389221557,0.4385317353677233,0.4347305389221557,0.4385317353677233
M03,62ch,7,2,0.6171656686626746,0.6203618829926425,0.6171656686626746,0.6203618829926425
M03,62ch,7,3,0.41916167664670656,0.4222603781839926,0.41916167664670656,0.4222603781839926
M03,62ch,7,4,0.5437125748502994,0.5361665480715118,0.5437125748502994,0.5361665480715118
M03,62ch,7,5,0.4411177644710579,0.39289130619532436,0.4411177644710579,0.39289130619532436
M03,62ch,7,6,0.41397205588822356,0.40797001131392274,0.41397205588822356,0.40797001131392274
M03,62ch,7,7,0.7385229540918163,0.7318150476094955,0.7385229540918163,0.7318150476094955
M03,62ch,7,8,0.48223552894211574,0.4761918081120142,0.48223552894211574,0.4761918081120142
M03,62ch,7,9,0.4339321357285429,0.4438452800820671,0.4339321357285429,0.4438452800820671
M03,62ch,7,10,0.49181636726546907,0.48348340775083104,0.49181636726546907,0.48348340775083104
M03,62ch,7,11,0.3500998003992016,0.33562821977029567,0.3500998003992016,0.33562821977029567
M03,62ch,7,12,0.4562874251497006,0.4555311246292162,0.4562874251497006,0.4555311246292162
M03,62ch,7,13,0.40119760479041916,0.3976056276557275,0.40119760479041916,0.3976056276557275
M03,62ch,7,14,0.5013972055888224,0.4989930896745447,0.5013972055888224,0.4989930896745447
M03,62ch,7,15,0.555688622754491,0.5547963656524059,0.555688622754491,0.5547963656524059
M03,62ch,21,1,0.4347305389221557,0.4385317353677233,0.4347305389221557,0.4385317353677233
M03,62ch,21,2,0.6171656686626746,0.6203618829926425,0.6171656686626746,0.6203618829926425
M03,62ch,21,3,0.41916167664670656,0.4222603781839926,0.41916167664670656,0.4222603781839926
M03,62ch,21,4,0.5437125748502994,0.5361665480715118,0.5437125748502994,0.5361665480715118
M03,62ch,21,5,0.4411177644710579,0.39289130619532436,0.4411177644710579,0.39289130619532436
M03,62ch,21,6,0.41397205588822356,0.40797001131392274,0.41397205588822356,0.40797001131392274
M03,62ch,21,7,0.7385229540918163,0.7318150476094955,0.7385229540918163,0.7318150476094955
M03,62ch,21,8,0.48223552894211574,0.4761918081120142,0.48223552894211574,0.4761918081120142
M03,62ch,21,9,0.4339321357285429,0.4438452800820671,0.4339321357285429,0.4438452800820671
M03,62ch,21,10,0.49181636726546907,0.48348340775083104,0.49181636726546907,0.48348340775083104
M03,62ch,21,11,0.3500998003992016,0.33562821977029567,0.3500998003992016,0.33562821977029567
M03,62ch,21,12,0.4562874251497006,0.4555311246292162,0.4562874251497006,0.4555311246292162
M03,62ch,21,13,0.40119760479041916,0.3976056276557275,0.40119760479041916,0.3976056276557275
M03,62ch,21,14,0.5013972055888224,0.4989930896745447,0.5013972055888224,0.4989930896745447
M03,62ch,21,15,0.555688622754491,0.5547963656524059,0.555688622754491,0.5547963656524059
M03,6ch,1,1,0.4183632734530938,0.4060597976766744,0.4183632734530938,0.4060597976766744
M03,6ch,1,2,0.3013972055888224,0.26581392162572975,0.3013972055888224,0.26581392162572975
M03,6ch,1,3,0.2678642714570858,0.24564012608980634,0.2678642714570858,0.24564012608980634
M03,6ch,1,4,0.3321357285429142,0.32419818202914746,0.3321357285429142,0.32419818202914746
M03,6ch,1,5,0.2962075848303393,0.2731951339641599,0.2962075848303393,0.2731951339641599
M03,6ch,1,6,0.23672654690618763,0.23530195924158745,0.23672654690618763,0.23530195924158745
M03,6ch,1,7,0.5221556886227545,0.5280582812733852,0.5221556886227545,0.5280582812733852
M03,6ch,1,8,0.35768463073852297,0.34040344418461876,0.35768463073852297,0.34040344418461876
M03,6ch,1,9,0.48982035928143713,0.4192370303235109,0.48982035928143713,0.4192370303235109
M03,6ch,1,10,0.4119760479041916,0.40949122709988894,0.4119760479041916,0.40949122709988894
M03,6ch,1,11,0.3720558882235529,0.37648592565735284,0.3720558882235529,0.37648592565735284
M03,6ch,1,12,0.3089820359281437,0.27936152880750337,0.3089820359281437,0.27936152880750337
M03,6ch,1,13,0.3325349301397206,0.32737683469040574,0.3325349301397206,0.32737683469040574
M03,6ch,1,14,0.38882235528942116,0.38495649490224876,0.38882235528942116,0.38495649490224876
M03,6ch,1,15,0.38203592814371257,0.39000365745738585,0.38203592814371257,0.39000365745738585
M03,6ch,7,1,0.4183632734530938,0.4060597976766744,0.4183632734530938,0.4060597976766744
M03,6ch,7,2,0.3013972055888224,0.26581392162572975,0.3013972055888224,0.26581392162572975
M03,6ch,7,3,0.2678642714570858,0.24564012608980634,0.2678642714570858,0.24564012608980634
M03,6ch,7,4,0.3321357285429142,0.32419818202914746,0.3321357285429142,0.32419818202914746
M03,6ch,7,5,0.2962075848303393,0.2731951339641599,0.2962075848303393,0.2731951339641599
M03,6ch,7,6,0.23672654690618763,0.23530195924158745,0.23672654690618763,0.23530195924158745
M03,6ch,7,7,0.5221556886227545,0.5280582812733852,0.5221556886227545,0.5280582812733852
M03,6ch,7,8,0.35768463073852297,0.34040344418461876,0.35768463073852297,0.34040344418461876
M03,6ch,7,9,0.48982035928143713,0.4192370303235109,0.48982035928143713,0.4192370303235109
M03,6ch,7,10,0.4119760479041916,0.40949122709988894,0.4119760479041916,0.40949122709988894
M03,6ch,7,11,0.3720558882235529,0.37648592565735284,0.3720558882235529,0.37648592565735284
M03,6ch,7,12,0.3089820359281437,0.27936152880750337,0.3089820359281437,0.27936152880750337
M03,6ch,7,13,0.3325349301397206,0.32737683469040574,0.3325349301397206,0.32737683469040574
M03,6ch,7,14,0.38882235528942116,0.38495649490224876,0.38882235528942116,0.38495649490224876
M03,6ch,7,15,0.38203592814371257,0.39000365745738585,0.38203592814371257,0.39000365745738585
M03,6ch,21,1,0.4183632734530938,0.4060597976766744,0.4183632734530938,0.4060597976766744
M03,6ch,21,2,0.3013972055888224,0.26581392162572975,0.3013972055888224,0.26581392162572975
M03,6ch,21,3,0.2678642714570858,0.24564012608980634,0.2678642714570858,0.24564012608980634
M03,6ch,21,4,0.3321357285429142,0.32419818202914746,0.3321357285429142,0.32419818202914746
M03,6ch,21,5,0.2962075848303393,0.2731951339641599,0.2962075848303393,0.2731951339641599
M03,6ch,21,6,0.23672654690618763,0.23530195924158745,0.23672654690618763,0.23530195924158745
M03,6ch,21,7,0.5221556886227545,0.5280582812733852,0.5221556886227545,0.5280582812733852
M03,6ch,21,8,0.35768463073852297,0.34040344418461876,0.35768463073852297,0.34040344418461876
M03,6ch,21,9,0.48982035928143713,0.4192370303235109,0.48982035928143713,0.4192370303235109
M03,6ch,21,10,0.4119760479041916,0.40949122709988894,0.4119760479041916,0.40949122709988894
M03,6ch,21,11,0.3720558882235529,0.37648592565735284,0.3720558882235529,0.37648592565735284
M03,6ch,21,12,0.3089820359281437,0.27936152880750337,0.3089820359281437,0.27936152880750337
M03,6ch,21,13,0.3325349301397206,0.32737683469040574,0.3325349301397206,0.32737683469040574
M03,6ch,21,14,0.38882235528942116,0.38495649490224876,0.38882235528942116,0.38495649490224876
M03,6ch,21,15,0.38203592814371257,0.39000365745738585,0.38203592814371257,0.39000365745738585
M04,62ch,1,1,0.3600798403193613,0.344660912654339,0.3600798403193613,0.344660912654339
M04,62ch,1,2,0.42035928143712575,0.3986682179136304,0.42035928143712575,0.3986682179136304
M04,62ch,1,3,0.26467065868263473,0.25280536015596544,0.26467065868263473,0.25280536015596544
M04,62ch,1,4,0.3520958083832335,0.3530407821811154,0.3520958083832335,0.3530407821811154
M04,62ch,1,5,0.36806387225548903,0.3604019724379607,0.36806387225548903,0.3604019724379607
M04,62ch,1,6,0.2750499001996008,0.27615658857787023,0.2750499001996008,0.27615658857787023
M04,62ch,1,7,0.4598802395209581,0.4592175527632658,0.4598802395209581,0.4592175527632658
M04,62ch,1,8,0.34251497005988024,0.32964498061984254,0.34251497005988024,0.32964498061984254
M04,62ch,1,9,0.3149700598802395,0.2999628825042715,0.3149700598802395,0.2999628825042715
M04,62ch,1,10,0.45189620758483035,0.4467704008675101,0.45189620758483035,0.4467704008675101
M04,62ch,1,11,0.27265469061876246,0.26041274499793,0.27265469061876246,0.26041274499793
M04,62ch,1,12,0.3013972055888224,0.29383421070569105,0.3013972055888224,0.29383421070569105
M04,62ch,1,13,0.2842315369261477,0.28385666173881047,0.2842315369261477,0.28385666173881047
M04,62ch,1,14,0.424750499001996,0.42356815000450504,0.424750499001996,0.42356815000450504
M04,62ch,1,15,0.38163672654690617,0.37845800359489523,0.38163672654690617,0.37845800359489523
M04,62ch,7,1,0.3600798403193613,0.344660912654339,0.3600798403193613,0.344660912654339
M04,62ch,7,2,0.42035928143712575,0.3986682179136304,0.42035928143712575,0.3986682179136304
M04,62ch,7,3,0.26467065868263473,0.25280536015596544,0.26467065868263473,0.25280536015596544
M04,62ch,7,4,0.3520958083832335,0.3530407821811154,0.3520958083832335,0.3530407821811154
M04,62ch,7,5,0.36806387225548903,0.3604019724379607,0.36806387225548903,0.3604019724379607
M04,62ch,7,6,0.2750499001996008,0.27615658857787023,0.2750499001996008,0.27615658857787023
M04,62ch,7,7,0.4598802395209581,0.4592175527632658,0.4598802395209581,0.4592175527632658
M04,62ch,7,8,0.34251497005988024,0.32964498061984254,0.34251497005988024,0.32964498061984254
M04,62ch,7,9,0.3149700598802395,0.2999628825042715,0.3149700598802395,0.2999628825042715
M04,62ch,7,10,0.45189620758483035,0.4467704008675101,0.45189620758483035,0.4467704008675101
M04,62ch,7,11,0.27265469061876246,0.26041274499793,0.27265469061876246,0.26041274499793
M04,62ch,7,12,0.3013972055888224,0.29383421070569105,0.3013972055888224,0.29383421070569105
M04,62ch,7,13,0.2842315369261477,0.28385666173881047,0.2842315369261477,0.28385666173881047
M04,62ch,7,14,0.424750499001996,0.42356815000450504,0.424750499001996,0.42356815000450504
M04,62ch,7,15,0.38163672654690617,0.37845800359489523,0.38163672654690617,0.37845800359489523
M04,62ch,21,1,0.3600798403193613,0.344660912654339,0.3600798403193613,0.344660912654339
M04,62ch,21,2,0.42035928143712575,0.3986682179136304,0.42035928143712575,0.3986682179136304
M04,62ch,21,3,0.26467065868263473,0.25280536015596544,0.26467065868263473,0.25280536015596544
M04,62ch,21,4,0.3520958083832335,0.3530407821811154,0.3520958083832335,0.3530407821811154
M04,62ch,21,5,0.36806387225548903,0.3604019724379607,0.36806387225548903,0.3604019724379607
M04,62ch,21,6,0.2750499001996008,0.27615658857787023,0.2750499001996008,0.27615658857787023
M04,62ch,21,7,0.4598802395209581,0.4592175527632658,0.4598802395209581,0.4592175527632658
M04,62ch,21,8,0.34251497005988024,0.32964498061984254,0.34251497005988024,0.32964498061984254
M04,62ch,21,9,0.3149700598802395,0.2999628825042715,0.3149700598802395,0.2999628825042715
M04,62ch,21,10,0.45189620758483035,0.4467704008675101,0.45189620758483035,0.4467704008675101
M04,62ch,21,11,0.27265469061876246,0.26041274499793,0.27265469061876246,0.26041274499793
M04,62ch,21,12,0.3013972055888224,0.29383421070569105,0.3013972055888224,0.29383421070569105
M04,62ch,21,13,0.2842315369261477,0.28385666173881047,0.2842315369261477,0.28385666173881047
M04,62ch,21,14,0.424750499001996,0.42356815000450504,0.424750499001996,0.42356815000450504
M04,62ch,21,15,0.38163672654690617,0.37845800359489523,0.38163672654690617,0.37845800359489523
M04,6ch,1,1,0.4227544910179641,0.41657412855936554,0.4227544910179641,0.41657412855936554
M04,6ch,1,2,0.2958083832335329,0.2920514980685842,0.2958083832335329,0.2920514980685842
M04,6ch,1,3,0.2934131736526946,0.28902962951649835,0.2934131736526946,0.28902962951649835
M04,6ch,1,4,0.3001996007984032,0.2963899937340645,0.3001996007984032,0.2963899937340645
M04,6ch,1,5,0.19720558882235528,0.18062782682458714,0.19720558882235528,0.18062782682458714
M04,6ch,1,6,0.2898203592814371,0.2894240072183609,0.2898203592814371,0.2894240072183609
M04,6ch,1,7,0.29780439121756486,0.30826903929016863,0.29780439121756486,0.30826903929016863
M04,6ch,1,8,0.4111776447105788,0.4082932178185793,0.4111776447105788,0.4082932178185793
M04,6ch,1,9,0.29301397205588825,0.2982858497468768,0.29301397205588825,0.2982858497468768
M04,6ch,1,10,0.27664670658682633,0.2691118839423932,0.27664670658682633,0.2691118839423932
M04,6ch,1,11,0.2842315369261477,0.27913281585647787,0.2842315369261477,0.27913281585647787
M04,6ch,1,12,0.26666666666666666,0.26762969197243325,0.26666666666666666,0.26762969197243325
M04,6ch,1,13,0.2994011976047904,0.30119043064088363,0.2994011976047904,0.30119043064088363
M04,6ch,1,14,0.3093812375249501,0.2946813015014478,0.3093812375249501,0.2946813015014478
M04,6ch,1,15,0.22554890219560877,0.22797832730445577,0.22554890219560877,0.22797832730445577
M04,6ch,7,1,0.4227544910179641,0.41657412855936554,0.4227544910179641,0.41657412855936554
M04,6ch,7,2,0.2958083832335329,0.2920514980685842,0.2958083832335329,0.2920514980685842
M04,6ch,7,3,0.2934131736526946,0.28902962951649835,0.2934131736526946,0.28902962951649835
M04,6ch,7,4,0.3001996007984032,0.2963899937340645,0.3001996007984032,0.2963899937340645
M04,6ch,7,5,0.19720558882235528,0.18062782682458714,0.19720558882235528,0.18062782682458714
M04,6ch,7,6,0.2898203592814371,0.2894240072183609,0.2898203592814371,0.2894240072183609
M04,6ch,7,7,0.29780439121756486,0.30826903929016863,0.29780439121756486,0.30826903929016863
M04,6ch,7,8,0.4111776447105788,0.4082932178185793,0.4111776447105788,0.4082932178185793
M04,6ch,7,9,0.29301397205588825,0.2982858497468768,0.29301397205588825,0.2982858497468768
M04,6ch,7,10,0.27664670658682633,0.2691118839423932,0.27664670658682633,0.2691118839423932
M04,6ch,7,11,0.2842315369261477,0.27913281585647787,0.2842315369261477,0.27913281585647787
M04,6ch,7,12,0.26666666666666666,0.26762969197243325,0.26666666666666666,0.26762969197243325
M04,6ch,7,13,0.2994011976047904,0.30119043064088363,0.2994011976047904,0.30119043064088363
M04,6ch,7,14,0.3093812375249501,0.2946813015014478,0.3093812375249501,0.2946813015014478
M04,6ch,7,15,0.22554890219560877,0.22797832730445577,0.22554890219560877,0.22797832730445577
M04,6ch,21,1,0.4227544910179641,0.41657412855936554,0.4227544910179641,0.41657412855936554
M04,6ch,21,2,0.2958083832335329,0.2920514980685842,0.2958083832335329,0.2920514980685842
M04,6ch,21,3,0.2934131736526946,0.28902962951649835,0.2934131736526946,0.28902962951649835
M04,6ch,21,4,0.3001996007984032,0.2963899937340645,0.3001996007984032,0.2963899937340645
M04,6ch,21,5,0.19720558882235528,0.18062782682458714,0.19720558882235528,0.18062782682458714
M04,6ch,21,6,0.2898203592814371,0.2894240072183609,0.2898203592814371,0.2894240072183609
M04,6ch,21,7,0.29780439121756486,0.30826903929016863,0.29780439121756486,0.30826903929016863
M04,6ch,21,8,0.4111776447105788,0.4082932178185793,0.4111776447105788,0.4082932178185793
M04,6ch,21,9,0.29301397205588825,0.2982858497468768,0.29301397205588825,0.2982858497468768
M04,6ch,21,10,0.27664670658682633,0.2691118839423932,0.27664670658682633,0.2691118839423932
M04,6ch,21,11,0.2842315369261477,0.27913281585647787,0.2842315369261477,0.27913281585647787
M04,6ch,21,12,0.26666666666666666,0.26762969197243325,0.26666666666666666,0.26762969197243325
M04,6ch,21,13,0.2994011976047904,0.30119043064088363,0.2994011976047904,0.30119043064088363
M04,6ch,21,14,0.3093812375249501,0.2946813015014478,0.3093812375249501,0.2946813015014478
M04,6ch,21,15,0.22554890219560877,0.22797832730445577,0.22554890219560877,0.22797832730445577
M05,62ch,1,1,0.2630738522954092,0.24649313930904646,0.2630738522954092,0.24649313930904646
M05,62ch,1,2,0.4419161676646707,0.44204346217949403,0.4419161676646707,0.44204346217949403
M05,62ch,1,3,0.24271457085828343,0.23568188422166864,0.24271457085828343,0.23568188422166864
M05,62ch,1,4,0.5920159680638722,0.5820759160225786,0.5920159680638722,0.5820759160225786
M05,62ch,1,5,0.35808383233532937,0.3487302707745958,0.35808383233532937,0.3487302707745958
M05,62ch,1,6,0.32974051896207585,0.30620158345207926,0.32974051896207585,0.30620158345207926
M05,62ch,1,7,0.6499001996007984,0.6472697082804821,0.6499001996007984,0.6472697082804821
M05,62ch,1,8,0.27345309381237526,0.2755454306166064,0.27345309381237526,0.2755454306166064
M05,62ch,1,9,0.2870259481037924,0.27722463236498934,0.2870259481037924,0.27722463236498934
M05,62ch,1,10,0.41397205588822356,0.40463312714506944,0.41397205588822356,0.40463312714506944
M05,62ch,1,11,0.2307385229540918,0.19772748335840165,0.2307385229540918,0.19772748335840165
M05,62ch,1,12,0.4375249500998004,0.4313597708295467,0.4375249500998004,0.4313597708295467
M05,62ch,1,13,0.412375249500998,0.41099788742379945,0.412375249500998,0.41099788742379945
M05,62ch,1,14,0.44471057884231535,0.4345982173870444,0.44471057884231535,0.4345982173870444
M05,62ch,1,15,0.4658682634730539,0.46350516554525256,0.4658682634730539,0.46350516554525256
M05,62ch,7,1,0.2630738522954092,0.24649313930904646,0.2630738522954092,0.24649313930904646
M05,62ch,7,2,0.4419161676646707,0.44204346217949403,0.4419161676646707,0.44204346217949403
M05,62ch,7,3,0.24271457085828343,0.23568188422166864,0.24271457085828343,0.23568188422166864
M05,62ch,7,4,0.5920159680638722,0.5820759160225786,0.5920159680638722,0.5820759160225786
M05,62ch,7,5,0.35808383233532937,0.3487302707745958,0.35808383233532937,0.3487302707745958
M05,62ch,7,6,0.32974051896207585,0.30620158345207926,0.32974051896207585,0.30620158345207926
M05,62ch,7,7,0.6499001996007984,0.6472697082804821,0.6499001996007984,0.6472697082804821
M05,62ch,7,8,0.27345309381237526,0.2755454306166064,0.27345309381237526,0.2755454306166064
M05,62ch,7,9,0.2870259481037924,0.27722463236498934,0.2870259481037924,0.27722463236498934
M05,62ch,7,10,0.41397205588822356,0.40463312714506944,0.41397205588822356,0.40463312714506944
M05,62ch,7,11,0.2307385229540918,0.19772748335840165,0.2307385229540918,0.19772748335840165
M05,62ch,7,12,0.4375249500998004,0.4313597708295467,0.4375249500998004,0.4313597708295467
M05,62ch,7,13,0.412375249500998,0.41099788742379945,0.412375249500998,0.41099788742379945
M05,62ch,7,14,0.44471057884231535,0.4345982173870444,0.44471057884231535,0.4345982173870444
M05,62ch,7,15,0.4658682634730539,0.46350516554525256,0.4658682634730539,0.46350516554525256
M05,62ch,21,1,0.2630738522954092,0.24649313930904646,0.2630738522954092,0.24649313930904646
M05,62ch,21,2,0.4419161676646707,0.44204346217949403,0.4419161676646707,0.44204346217949403
M05,62ch,21,3,0.24271457085828343,0.23568188422166864,0.24271457085828343,0.23568188422166864
M05,62ch,21,4,0.5920159680638722,0.5820759160225786,0.5920159680638722,0.5820759160225786
M05,62ch,21,5,0.35808383233532937,0.3487302707745958,0.35808383233532937,0.3487302707745958
M05,62ch,21,6,0.32974051896207585,0.30620158345207926,0.32974051896207585,0.30620158345207926
M05,62ch,21,7,0.6499001996007984,0.6472697082804821,0.6499001996007984,0.6472697082804821
M05,62ch,21,8,0.27345309381237526,0.2755454306166064,0.27345309381237526,0.2755454306166064
M05,62ch,21,9,0.2870259481037924,0.27722463236498934,0.2870259481037924,0.27722463236498934
M05,62ch,21,10,0.41397205588822356,0.40463312714506944,0.41397205588822356,0.40463312714506944
M05,62ch,21,11,0.2307385229540918,0.19772748335840165,0.2307385229540918,0.19772748335840165
M05,62ch,21,12,0.4375249500998004,0.4313597708295467,0.4375249500998004,0.4313597708295467
M05,62ch,21,13,0.412375249500998,0.41099788742379945,0.412375249500998,0.41099788742379945
M05,62ch,21,14,0.44471057884231535,0.4345982173870444,0.44471057884231535,0.4345982173870444
M05,62ch,21,15,0.4658682634730539,0.46350516554525256,0.4658682634730539,0.46350516554525256
M05,6ch,1,1,0.5157684630738523,0.5152359844935206,0.5157684630738523,0.5152359844935206
M05,6ch,1,2,0.31137724550898205,0.2900563420138693,0.31137724550898205,0.2900563420138693
M05,6ch,1,3,0.36686626746506984,0.3491887772603825,0.36686626746506984,0.3491887772603825
M05,6ch,1,4,0.5868263473053892,0.5643528996895127,0.5868263473053892,0.5643528996895127
M05,6ch,1,5,0.45828343313373254,0.44337169353586947,0.45828343313373254,0.44337169353586947
M05,6ch,1,6,0.2894211576846307,0.28753192079872536,0.2894211576846307,0.28753192079872536
M05,6ch,1,7,0.5548902195608783,0.5432165829336973,0.5548902195608783,0.5432165829336973
M05,6ch,1,8,0.3465069860279441,0.354338580745341,0.3465069860279441,0.354338580745341
M05,6ch,1,9,0.5820359281437125,0.5743079924844774,0.5820359281437125,0.5743079924844774
M05,6ch,1,10,0.5149700598802395,0.5268327800266122,0.5149700598802395,0.5268327800266122
M05,6ch,1,11,0.3197604790419162,0.323651007664965,0.3197604790419162,0.323651007664965
M05,6ch,1,12,0.3532934131736527,0.3385301066050557,0.3532934131736527,0.3385301066050557
M05,6ch,1,13,0.28662674650698605,0.2618934500392978,0.28662674650698605,0.2618934500392978
M05,6ch,1,14,0.5325349301397205,0.5222269931193597,0.5325349301397205,0.5222269931193597
M05,6ch,1,15,0.4546906187624751,0.4675156733695105,0.4546906187624751,0.4675156733695105
M05,6ch,7,1,0.5157684630738523,0.5152359844935206,0.5157684630738523,0.5152359844935206
M05,6ch,7,2,0.31137724550898205,0.2900563420138693,0.31137724550898205,0.2900563420138693
M05,6ch,7,3,0.36686626746506984,0.3491887772603825,0.36686626746506984,0.3491887772603825
M05,6ch,7,4,0.5868263473053892,0.5643528996895127,0.5868263473053892,0.5643528996895127
M05,6ch,7,5,0.45828343313373254,0.44337169353586947,0.45828343313373254,0.44337169353586947
M05,6ch,7,6,0.2894211576846307,0.28753192079872536,0.2894211576846307,0.28753192079872536
M05,6ch,7,7,0.5548902195608783,0.5432165829336973,0.5548902195608783,0.5432165829336973
M05,6ch,7,8,0.3465069860279441,0.354338580745341,0.3465069860279441,0.354338580745341
M05,6ch,7,9,0.5820359281437125,0.5743079924844774,0.5820359281437125,0.5743079924844774
M05,6ch,7,10,0.5149700598802395,0.5268327800266122,0.5149700598802395,0.5268327800266122
M05,6ch,7,11,0.3197604790419162,0.323651007664965,0.3197604790419162,0.323651007664965
M05,6ch,7,12,0.3532934131736527,0.3385301066050557,0.3532934131736527,0.3385301066050557
M05,6ch,7,13,0.28662674650698605,0.2618934500392978,0.28662674650698605,0.2618934500392978
M05,6ch,7,14,0.5325349301397205,0.5222269931193597,0.5325349301397205,0.5222269931193597
M05,6ch,7,15,0.4546906187624751,0.4675156733695105,0.4546906187624751,0.4675156733695105
M05,6ch,21,1,0.5157684630738523,0.5152359844935206,0.5157684630738523,0.5152359844935206
M05,6ch,21,2,0.31137724550898205,0.2900563420138693,0.31137724550898205,0.2900563420138693
M05,6ch,21,3,0.36686626746506984,0.3491887772603825,0.36686626746506984,0.3491887772603825
M05,6ch,21,4,0.5868263473053892,0.5643528996895127,0.5868263473053892,0.5643528996895127
M05,6ch,21,5,0.45828343313373254,0.44337169353586947,0.45828343313373254,0.44337169353586947
M05,6ch,21,6,0.2894211576846307,0.28753192079872536,0.2894211576846307,0.28753192079872536
M05,6ch,21,7,0.5548902195608783,0.5432165829336973,0.5548902195608783,0.5432165829336973
M05,6ch,21,8,0.3465069860279441,0.354338580745341,0.3465069860279441,0.354338580745341
M05,6ch,21,9,0.5820359281437125,0.5743079924844774,0.5820359281437125,0.5743079924844774
M05,6ch,21,10,0.5149700598802395,0.5268327800266122,0.5149700598802395,0.5268327800266122
M05,6ch,21,11,0.3197604790419162,0.323651007664965,0.3197604790419162,0.323651007664965
M05,6ch,21,12,0.3532934131736527,0.3385301066050557,0.3532934131736527,0.3385301066050557
M05,6ch,21,13,0.28662674650698605,0.2618934500392978,0.28662674650698605,0.2618934500392978
M05,6ch,21,14,0.5325349301397205,0.5222269931193597,0.5325349301397205,0.5222269931193597
M05,6ch,21,15,0.4546906187624751,0.4675156733695105,0.4546906187624751,0.4675156733695105
M06,62ch,1,1,0.2694610778443114,0.25740732162414076,0.2694610778443114,0.25740732162414076
M06,62ch,1,2,0.23273453093812374,0.19855455924574597,0.23273453093812374,0.19855455924574597
M06,62ch,1,3,0.3201596806387226,0.31540473032509664,0.3201596806387226,0.31540473032509664
M06,62ch,1,4,0.3836327345309381,0.33709411313436544,0.3836327345309381,0.33709411313436544
M06,62ch,1,5,0.306187624750499,0.20019080810279372,0.306187624750499,0.20019080810279372
M06,62ch,1,6,0.32415169660678644,0.3129426351373378,0.32415169660678644,0.3129426351373378
M06,62ch,1,7,0.4602794411177645,0.44889824915564275,0.4602794411177645,0.44889824915564275
M06,62ch,1,8,0.3564870259481038,0.31468236050725307,0.3564870259481038,0.31468236050725307
M06,62ch,1,9,0.35808383233532937,0.33861526429443395,0.35808383233532937,0.33861526429443395
M06,62ch,1,10,0.41317365269461076,0.42186180499776604,0.41317365269461076,0.42186180499776604
M06,62ch,1,11,0.19760479041916168,0.17970800499589007,0.19760479041916168,0.17970800499589007
M06,62ch,1,12,0.2750499001996008,0.22593589923560914,0.2750499001996008,0.22593589923560914
M06,62ch,1,13,0.26586826347305387,0.24783977628332915,0.26586826347305387,0.24783977628332915
M06,62ch,1,14,0.33572854291417165,0.3309509610474861,0.33572854291417165,0.3309509610474861
M06,62ch,1,15,0.412375249500998,0.36679257255870545,0.412375249500998,0.36679257255870545
M06,62ch,7,1,0.2694610778443114,0.25740732162414076,0.2694610778443114,0.25740732162414076
M06,62ch,7,2,0.23273453093812374,0.19855455924574597,0.23273453093812374,0.19855455924574597
M06,62ch,7,3,0.3201596806387226,0.31540473032509664,0.3201596806387226,0.31540473032509664
M06,62ch,7,4,0.3836327345309381,0.33709411313436544,0.3836327345309381,0.33709411313436544
M06,62ch,7,5,0.306187624750499,0.20019080810279372,0.306187624750499,0.20019080810279372
M06,62ch,7,6,0.32415169660678644,0.3129426351373378,0.32415169660678644,0.3129426351373378
M06,62ch,7,7,0.4602794411177645,0.44889824915564275,0.4602794411177645,0.44889824915564275
M06,62ch,7,8,0.3564870259481038,0.31468236050725307,0.3564870259481038,0.31468236050725307
M06,62ch,7,9,0.35808383233532937,0.33861526429443395,0.35808383233532937,0.33861526429443395
M06,62ch,7,10,0.41317365269461076,0.42186180499776604,0.41317365269461076,0.42186180499776604
M06,62ch,7,11,0.19760479041916168,0.17970800499589007,0.19760479041916168,0.17970800499589007
M06,62ch,7,12,0.2750499001996008,0.22593589923560914,0.2750499001996008,0.22593589923560914
M06,62ch,7,13,0.26586826347305387,0.24783977628332915,0.26586826347305387,0.24783977628332915
M06,62ch,7,14,0.33572854291417165,0.3309509610474861,0.33572854291417165,0.3309509610474861
M06,62ch,7,15,0.412375249500998,0.36679257255870545,0.412375249500998,0.36679257255870545
M06,62ch,21,1,0.2694610778443114,0.25740732162414076,0.2694610778443114,0.25740732162414076
M06,62ch,21,2,0.23273453093812374,0.19855455924574597,0.23273453093812374,0.19855455924574597
M06,62ch,21,3,0.3201596806387226,0.31540473032509664,0.3201596806387226,0.31540473032509664
M06,62ch,21,4,0.3836327345309381,0.33709411313436544,0.3836327345309381,0.33709411313436544
M06,62ch,21,5,0.306187624750499,0.20019080810279372,0.306187624750499,0.20019080810279372
M06,62ch,21,6,0.32415169660678644,0.3129426351373378,0.32415169660678644,0.3129426351373378
M06,62ch,21,7,0.4602794411177645,0.44889824915564275,0.4602794411177645,0.44889824915564275
M06,62ch,21,8,0.3564870259481038,0.31468236050725307,0.3564870259481038,0.31468236050725307
M06,62ch,21,9,0.35808383233532937,0.33861526429443395,0.35808383233532937,0.33861526429443395
M06,62ch,21,10,0.41317365269461076,0.42186180499776604,0.41317365269461076,0.42186180499776604
M06,62ch,21,11,0.19760479041916168,0.17970800499589007,0.19760479041916168,0.17970800499589007
M06,62ch,21,12,0.2750499001996008,0.22593589923560914,0.2750499001996008,0.22593589923560914
M06,62ch,21,13,0.26586826347305387,0.24783977628332915,0.26586826347305387,0.24783977628332915
M06,62ch,21,14,0.33572854291417165,0.3309509610474861,0.33572854291417165,0.3309509610474861
M06,62ch,21,15,0.412375249500998,0.36679257255870545,0.412375249500998,0.36679257255870545
M06,6ch,1,1,0.4187624750499002,0.4149080079006968,0.4187624750499002,0.4149080079006968
M06,6ch,1,2,0.3461077844311377,0.3252255751981425,0.3461077844311377,0.3252255751981425
M06,6ch,1,3,0.36407185628742517,0.2927356019183875,0.36407185628742517,0.2927356019183875
M06,6ch,1,4,0.5572854291417165,0.5302367712075005,0.5572854291417165,0.5302367712075005
M06,6ch,1,5,0.34890219560878244,0.25722547690232256,0.34890219560878244,0.25722547690232256
M06,6ch,1,6,0.33812375249501,0.34211419034227597,0.33812375249501,0.34211419034227597
M06,6ch,1,7,0.5968063872255489,0.5910220210279873,0.5968063872255489,0.5910220210279873
M06,6ch,1,8,0.38163672654690617,0.3749251338469809,0.38163672654690617,0.3749251338469809
M06,6ch,1,9,0.4435129740518962,0.399262959923481,0.4435129740518962,0.399262959923481
M06,6ch,1,10,0.4039920159680639,0.37703961963491406,0.4039920159680639,0.37703961963491406
M06,6ch,1,11,0.37964071856287424,0.36900743318308904,0.37964071856287424,0.36900743318308904
M06,6ch,1,12,0.3097804391217565,0.2988601149659435,0.3097804391217565,0.2988601149659435
M06,6ch,1,13,0.3145708582834331,0.3135417028806053,0.3145708582834331,0.3135417028806053
M06,6ch,1,14,0.5321357285429141,0.527783128500086,0.5321357285429141,0.527783128500086
M06,6ch,1,15,0.34251497005988024,0.3465876484718555,0.34251497005988024,0.3465876484718555
M06,6ch,7,1,0.4187624750499002,0.4149080079006968,0.4187624750499002,0.4149080079006968
M06,6ch,7,2,0.3461077844311377,0.3252255751981425,0.3461077844311377,0.3252255751981425
M06,6ch,7,3,0.36407185628742517,0.2927356019183875,0.36407185628742517,0.2927356019183875
M06,6ch,7,4,0.5572854291417165,0.5302367712075005,0.5572854291417165,0.5302367712075005
M06,6ch,7,5,0.34890219560878244,0.25722547690232256,0.34890219560878244,0.25722547690232256
M06,6ch,7,6,0.33812375249501,0.34211419034227597,0.33812375249501,0.34211419034227597
M06,6ch,7,7,0.5968063872255489,0.5910220210279873,0.5968063872255489,0.5910220210279873
M06,6ch,7,8,0.38163672654690617,0.3749251338469809,0.38163672654690617,0.3749251338469809
M06,6ch,7,9,0.4435129740518962,0.399262959923481,0.4435129740518962,0.399262959923481
M06,6ch,7,10,0.4039920159680639,0.37703961963491406,0.4039920159680639,0.37703961963491406
M06,6ch,7,11,0.37964071856287424,0.36900743318308904,0.37964071856287424,0.36900743318308904
M06,6ch,7,12,0.3097804391217565,0.2988601149659435,0.3097804391217565,0.2988601149659435
M06,6ch,7,13,0.3145708582834331,0.3135417028806053,0.3145708582834331,0.3135417028806053
M06,6ch,7,14,0.5321357285429141,0.527783128500086,0.5321357285429141,0.527783128500086
M06,6ch,7,15,0.34251497005988024,0.3465876484718555,0.34251497005988024,0.3465876484718555
M06,6ch,21,1,0.4187624750499002,0.4149080079006968,0.4187624750499002,0.4149080079006968
M06,6ch,21,2,0.3461077844311377,0.3252255751981425,0.3461077844311377,0.3252255751981425
M06,6ch,21,3,0.36407185628742517,0.2927356019183875,0.36407185628742517,0.2927356019183875
M06,6ch,21,4,0.5572854291417165,0.5302367712075005,0.5572854291417165,0.5302367712075005
M06,6ch,21,5,0.34890219560878244,0.25722547690232256,0.34890219560878244,0.25722547690232256
M06,6ch,21,6,0.33812375249501,0.34211419034227597,0.33812375249501,0.34211419034227597
M06,6ch,21,7,0.5968063872255489,0.5910220210279873,0.5968063872255489,0.5910220210279873
M06,6ch,21,8,0.38163672654690617,0.3749251338469809,0.38163672654690617,0.3749251338469809
M06,6ch,21,9,0.4435129740518962,0.399262959923481,0.4435129740518962,0.399262959923481
M06,6ch,21,10,0.4039920159680639,0.37703961963491406,0.4039920159680639,0.37703961963491406
M06,6ch,21,11,0.37964071856287424,0.36900743318308904,0.37964071856287424,0.36900743318308904
M06,6ch,21,12,0.3097804391217565,0.2988601149659435,0.3097804391217565,0.2988601149659435
M06,6ch,21,13,0.3145708582834331,0.3135417028806053,0.3145708582834331,0.3135417028806053
M06,6ch,21,14,0.5321357285429141,0.527783128500086,0.5321357285429141,0.527783128500086
M06,6ch,21,15,0.34251497005988024,0.3465876484718555,0.34251497005988024,0.3465876484718555
M07,62ch,1,1,0.39281437125748503,0.37168238195853154,0.39281437125748503,0.37168238195853154
M07,62ch,1,2,0.5912175648702594,0.5919669190757448,0.5912175648702594,0.5919669190757448
M07,62ch,1,3,0.31097804391217565,0.3153721348411741,0.31097804391217565,0.3153721348411741
M07,62ch,1,4,0.5724550898203593,0.572984357025065,0.5724550898203593,0.572984357025065
M07,62ch,1,5,0.3532934131736527,0.3273971612794272,0.3532934131736527,0.3273971612794272
M07,62ch,1,6,0.35768463073852297,0.35812615612802834,0.35768463073852297,0.35812615612802834
M07,62ch,1,7,0.7281437125748503,0.7259030501923354,0.7281437125748503,0.7259030501923354
M07,62ch,1,8,0.43313373253493015,0.40969533559085924,0.43313373253493015,0.40969533559085924
M07,62ch,1,9,0.37445109780439123,0.3825189014039926,0.37445109780439123,0.3825189014039926
M07,62ch,1,10,0.5365269461077844,0.534130759619291,0.5365269461077844,0.534130759619291
M07,62ch,1,11,0.34211576846307384,0.31559561613302023,0.34211576846307384,0.31559561613302023
M07,62ch,1,12,0.3500998003992016,0.35150021727357256,0.3500998003992016,0.35150021727357256
M07,62ch,1,13,0.4934131736526946,0.4957919060860006,0.4934131736526946,0.4957919060860006
M07,62ch,1,14,0.5676646706586826,0.5626964713559085,0.5676646706586826,0.5626964713559085
M07,62ch,1,15,0.4562874251497006,0.456993731242059,0.4562874251497006,0.456993731242059
M07,62ch,7,1,0.40479041916167663,0.387392756307951,0.40479041916167663,0.387392756307951
M07,62ch,7,2,0.667065868263473,0.6674035115928315,0.667065868263473,0.6674035115928315
M07,62ch,7,3,0.2950099800399202,0.2954270843222705,0.2950099800399202,0.2954270843222705
M07,62ch,7,4,0.5201596806387225,0.5114104819707753,0.5201596806387225,0.5114104819707753
M07,62ch,7,5,0.34530938123752497,0.32175648920506184,0.34530938123752497,0.32175648920506184
M07,62ch,7,6,0.3345309381237525,0.3325799291463285,0.3345309381237525,0.3325799291463285
M07,62ch,7,7,0.7365269461077845,0.7334315606322794,0.7365269461077845,0.7334315606322794
M07,62ch,7,8,0.456686626746507,0.41806745241066934,0.456686626746507,0.41806745241066934
M07,62ch,7,9,0.3904191616766467,0.39276646316073915,0.3904191616766467,0.39276646316073915
M07,62ch,7,10,0.566067864271457,0.564269955477645,0.566067864271457,0.564269955477645
M07,62ch,7,11,0.3077844311377245,0.29902989895336296,0.3077844311377245,0.29902989895336296
M07,62ch,7,12,0.35768463073852297,0.3588881375281906,0.35768463073852297,0.3588881375281906
M07,62ch,7,13,0.5385229540918164,0.5373079656030121,0.5385229540918164,0.5373079656030121
M07,62ch,7,14,0.5936127744510978,0.5911738021500301,0.5936127744510978,0.5911738021500301
M07,62ch,7,15,0.5209580838323353,0.5224469954951818,0.5209580838323353,0.5224469954951818
M07,62ch,21,1,0.3872255489021956,0.3648577027532681,0.3872255489021956,0.3648577027532681
M07,62ch,21,2,0.6830339321357285,0.6822459975219419,0.6830339321357285,0.6822459975219419
M07,62ch,21,3,0.31656686626746505,0.308216528663938,0.31656686626746505,0.308216528663938
M07,62ch,21,4,0.5568862275449101,0.5527479162287213,0.5568862275449101,0.5527479162287213
M07,62ch,21,5,0.34770459081836325,0.32612409663763536,0.34770459081836325,0.32612409663763536
M07,62ch,21,6,0.37005988023952097,0.368158688636291,0.37005988023952097,0.368158688636291
M07,62ch,21,7,0.7369261477045909,0.7322661559548831,0.7369261477045909,0.7322661559548831
M07,62ch,21,8,0.4491017964071856,0.4431244592070846,0.4491017964071856,0.4431244592070846
M07,62ch,21,9,0.39401197604790417,0.39946078904752474,0.39401197604790417,0.39946078904752474
M07,62ch,21,10,0.5756487025948104,0.5731612931654351,0.5756487025948104,0.5731612931654351
M07,62ch,21,11,0.3269461077844311,0.32442097530921704,0.3269461077844311,0.32442097530921704
M07,62ch,21,12,0.36806387225548903,0.36455972619664684,0.36806387225548903,0.36455972619664684
M07,62ch,21,13,0.5033932135728543,0.5031100675616627,0.5033932135728543,0.5031100675616627
M07,62ch,21,14,0.5584830339321357,0.5530813837235247,0.5584830339321357,0.5530813837235247
M07,62ch,21,15,0.5173652694610779,0.518031469772632,0.5173652694610779,0.518031469772632
M07,6ch,1,1,0.4351297405189621,0.42779182392740744,0.4351297405189621,0.42779182392740744
M07,6ch,1,2,0.39560878243512976,0.39520871683156666,0.39560878243512976,0.39520871683156666
M07,6ch,1,3,0.26067864271457086,0.22457208346055632,0.26067864271457086,0.22457208346055632
M07,6ch,1,4,0.5776447105788424,0.5582090652070368,0.5776447105788424,0.5582090652070368
M07,6ch,1,5,0.33532934131736525,0.29067932985528083,0.33532934131736525,0.29067932985528083
M07,6ch,1,6,0.43273453093812375,0.43527080008469965,0.43273453093812375,0.43527080008469965
M07,6ch,1,7,0.5612774451097804,0.5655592278015248,0.5612774451097804,0.5655592278015248
M07,6ch,1,8,0.36806387225548903,0.3405328680782111,0.36806387225548903,0.3405328680782111
M07,6ch,1,9,0.5189620758483033,0.5028511828683362,0.5189620758483033,0.5028511828683362
M07,6ch,1,10,0.38602794411177643,0.36813375761245865,0.38602794411177643,0.36813375761245865
M07,6ch,1,11,0.2890219560878243,0.2866849146236545,0.2890219560878243,0.2866849146236545
M07,6ch,1,12,0.318562874251497,0.30333462428892927,0.318562874251497,0.30333462428892927
M07,6ch,1,13,0.3596806387225549,0.3467091299884788,0.3596806387225549,0.3467091299884788
M07,6ch,1,14,0.5397205588822356,0.5248925696603686,0.5397205588822356,0.5248925696603686
M07,6ch,1,15,0.39401197604790417,0.39574155661002086,0.39401197604790417,0.39574155661002086
M07,6ch,7,1,0.41477045908183635,0.41051309132122515,0.41477045908183635,0.41051309132122515
M07,6ch,7,2,0.4027944111776447,0.39895542230605235,0.4027944111776447,0.39895542230605235
M07,6ch,7,3,0.26187624750499,0.22553945993461624,0.26187624750499,0.22553945993461624
M07,6ch,7,4,0.5684630738522954,0.5486445530275437,0.5684630738522954,0.5486445530275437
M07,6ch,7,5,0.36087824351297404,0.329904454858035,0.36087824351297404,0.329904454858035
M07,6ch,7,6,0.4279441117764471,0.43357480789505426,0.4279441117764471,0.43357480789505426
M07,6ch,7,7,0.5864271457085828,0.5886398436667599,0.5864271457085828,0.5886398436667599
M07,6ch,7,8,0.3077844311377245,0.2846310797967796,0.3077844311377245,0.2846310797967796
M07,6ch,7,9,0.5385229540918164,0.5113334071206774,0.5385229540918164,0.5113334071206774
M07,6ch,7,10,0.38802395209580837,0.3715191214897948,0.38802395209580837,0.3715191214897948
M07,6ch,7,11,0.3349301397205589,0.3373710343311309,0.3349301397205589,0.3373710343311309
M07,6ch,7,12,0.300998003992016,0.291774424731848,0.300998003992016,0.291774424731848
M07,6ch,7,13,0.38682634730538923,0.3789981195090484,0.38682634730538923,0.3789981195090484
M07,6ch,7,14,0.5065868263473053,0.4895992188059281,0.5065868263473053,0.4895992188059281
M07,6ch,7,15,0.37005988023952097,0.3810132652925997,0.37005988023952097,0.3810132652925997
M07,6ch,21,1,0.3564870259481038,0.3526315524335319,0.3564870259481038,0.3526315524335319
M07,6ch,21,2,0.37365269461077844,0.37481158861767355,0.37365269461077844,0.37481158861767355
M07,6ch,21,3,0.26067864271457086,0.22457208346055632,0.26067864271457086,0.22457208346055632
M07,6ch,21,4,0.5477045908183633,0.5281074463400964,0.5477045908183633,0.5281074463400964
M07,6ch,21,5,0.32974051896207585,0.2871850046951204,0.32974051896207585,0.2871850046951204
M07,6ch,21,6,0.40039920159680636,0.4097536527850888,0.40039920159680636,0.4097536527850888
M07,6ch,21,7,0.5892215568862276,0.5931944844346762,0.5892215568862276,0.5931944844346762
M07,6ch,21,8,0.31736526946107785,0.2956623598740909,0.31736526946107785,0.2956623598740909
M07,6ch,21,9,0.5157684630738523,0.48692548780561035,0.5157684630738523,0.48692548780561035
M07,6ch,21,10,0.35489021956087824,0.3467226721741774,0.35489021956087824,0.3467226721741774
M07,6ch,21,11,0.3029940119760479,0.3032791441464604,0.3029940119760479,0.3032791441464604
M07,6ch,21,12,0.3201596806387226,0.31202566189600334,0.3201596806387226,0.31202566189600334
M07,6ch,21,13,0.36846307385229543,0.35956024606423653,0.36846307385229543,0.35956024606423653
M07,6ch,21,14,0.5125748502994012,0.4976027963230478,0.5125748502994012,0.4976027963230478
M07,6ch,21,15,0.36766467065868264,0.377750885052785,0.36766467065868264,0.377750885052785
M08,62ch,1,1,0.4095808383233533,0.39424405961424186,0.4095808383233533,0.39424405961424186
M08,62ch,1,2,0.5832335329341317,0.5838781662450077,0.5832335329341317,0.5838781662450077
M08,62ch,1,3,0.31736526946107785,0.31394070359799675,0.31736526946107785,0.31394070359799675
M08,62ch,1,4,0.518562874251497,0.5076995324299796,0.518562874251497,0.5076995324299796
M08,62ch,1,5,0.3916167664670659,0.35718649071299174,0.3916167664670659,0.35718649071299174
M08,62ch,1,6,0.43313373253493015,0.43586035668322654,0.43313373253493015,0.43586035668322654
M08,62ch,1,7,0.693812375249501,0.6883541412168304,0.693812375249501,0.6883541412168304
M08,62ch,1,8,0.46986027944111775,0.43855838956168247,0.46986027944111775,0.43855838956168247
M08,62ch,1,9,0.34850299401197604,0.3511927143465953,0.34850299401197604,0.3511927143465953
M08,62ch,1,10,0.5820359281437125,0.5743240507595062,0.5820359281437125,0.5743240507595062
M08,62ch,1,11,0.3221556886227545,0.30299880683336344,0.3221556886227545,0.30299880683336344
M08,62ch,1,12,0.38802395209580837,0.387235407625939,0.38802395209580837,0.387235407625939
M08,62ch,1,13,0.48223552894211574,0.485777361659694,0.48223552894211574,0.485777361659694
M08,62ch,1,14,0.5732534930139721,0.5709323055404895,0.5732534930139721,0.5709323055404895
M08,62ch,1,15,0.536127744510978,0.5358729514991294,0.536127744510978,0.5358729514991294
M08,62ch,7,1,0.4,0.3856071523891992,0.4,0.3856071523891992
M08,62ch,7,2,0.5948103792415169,0.5937578089956334,0.5948103792415169,0.5937578089956334
M08,62ch,7,3,0.27984031936127746,0.2706126046094744,0.27984031936127746,0.2706126046094744
M08,62ch,7,4,0.536127744510978,0.5292094761464832,0.536127744510978,0.5292094761464832
M08,62ch,7,5,0.313373253493014,0.29272613628728517,0.313373253493014,0.29272613628728517
M08,62ch,7,6,0.32934131736526945,0.3234797169819581,0.32934131736526945,0.3234797169819581
M08,62ch,7,7,0.7504990019960079,0.7484165284948867,0.7504990019960079,0.7484165284948867
M08,62ch,7,8,0.47025948103792414,0.45275363624168585,0.47025948103792414,0.45275363624168585
M08,62ch,7,9,0.3812375249500998,0.3841315770323753,0.3812375249500998,0.3841315770323753
M08,62ch,7,10,0.5736526946107784,0.565038589768915,0.5736526946107784,0.565038589768915
M08,62ch,7,11,0.35449101796407184,0.3514996872244361,0.35449101796407184,0.3514996872244361
M08,62ch,7,12,0.3936127744510978,0.39680943333764956,0.3936127744510978,0.39680943333764956
M08,62ch,7,13,0.46506986027944114,0.46757056645070727,0.46506986027944114,0.46757056645070727
M08,62ch,7,14,0.5357285429141716,0.5339281637834115,0.5357285429141716,0.5339281637834115
M08,62ch,7,15,0.49101796407185627,0.49117166131760304,0.49101796407185627,0.49117166131760304
M08,62ch,21,1,0.4163672654690619,0.40466384970872793,0.4163672654690619,0.40466384970872793
M08,62ch,21,2,0.6283433133732534,0.6289482199827622,0.6283433133732534,0.6289482199827622
M08,62ch,21,3,0.3253493013972056,0.3188819010180005,0.3253493013972056,0.3188819010180005
M08,62ch,21,4,0.5085828343313373,0.5059518721471382,0.5085828343313373,0.5059518721471382
M08,62ch,21,5,0.30419161676646705,0.2853466759889133,0.30419161676646705,0.2853466759889133
M08,62ch,21,6,0.4023952095808383,0.40492002972949526,0.4023952095808383,0.40492002972949526
M08,62ch,21,7,0.7361277445109781,0.7326986574794385,0.7361277445109781,0.7326986574794385
M08,62ch,21,8,0.49101796407185627,0.4889693964546116,0.49101796407185627,0.4889693964546116
M08,62ch,21,9,0.3588822355289421,0.3647249171045921,0.3588822355289421,0.3647249171045921
M08,62ch,21,10,0.5620758483033932,0.5554985902830549,0.5620758483033932,0.5554985902830549
M08,62ch,21,11,0.3445109780439122,0.34724152200663905,0.3445109780439122,0.34724152200663905
M08,62ch,21,12,0.3904191616766467,0.38825670049072497,0.3904191616766467,0.38825670049072497
M08,62ch,21,13,0.4998003992015968,0.5000375939326709,0.4998003992015968,0.5000375939326709
M08,62ch,21,14,0.562874251497006,0.5599458712971406,0.562874251497006,0.5599458712971406
M08,62ch,21,15,0.530938123752495,0.5310963528100532,0.530938123752495,0.5310963528100532
M08,6ch,1,1,0.40798403193612776,0.4002747323485242,0.40798403193612776,0.4002747323485242
M08,6ch,1,2,0.38203592814371257,0.38819929447078483,0.38203592814371257,0.38819929447078483
M08,6ch,1,3,0.274251497005988,0.23381720682320195,0.274251497005988,0.23381720682320195
M08,6ch,1,4,0.5209580838323353,0.5054260609398268,0.5209580838323353,0.5054260609398268
M08,6ch,1,5,0.3648702594810379,0.3202342446496158,0.3648702594810379,0.3202342446496158
M08,6ch,1,6,0.42035928143712575,0.4220726366309935,0.42035928143712575,0.4220726366309935
M08,6ch,1,7,0.6327345309381237,0.633777502666721,0.6327345309381237,0.633777502666721
M08,6ch,1,8,0.36806387225548903,0.3456645793185311,0.36806387225548903,0.3456645793185311
M08,6ch,1,9,0.5073852295409181,0.4989585759399089,0.5073852295409181,0.4989585759399089
M08,6ch,1,10,0.3872255489021956,0.36695920927916836,0.3872255489021956,0.36695920927916836
M08,6ch,1,11,0.3209580838323353,0.3185099965707886,0.3209580838323353,0.3185099965707886
M08,6ch,1,12,0.3473053892215569,0.33018969250259034,0.3473053892215569,0.33018969250259034
M08,6ch,1,13,0.36407185628742517,0.3527567660526869,0.36407185628742517,0.3527567660526869
M08,6ch,1,14,0.5445109780439121,0.529872960264552,0.5445109780439121,0.529872960264552
M08,6ch,1,15,0.38283433133732536,0.3875704912425947,0.38283433133732536,0.3875704912425947
M08,6ch,7,1,0.4223552894211577,0.4118227288023733,0.4223552894211577,0.4118227288023733
M08,6ch,7,2,0.39840319361277443,0.39368708730146557,0.39840319361277443,0.39368708730146557
M08,6ch,7,3,0.2998003992015968,0.2541995064410375,0.2998003992015968,0.2541995064410375
M08,6ch,7,4,0.5161676646706587,0.5016134669577726,0.5161676646706587,0.5016134669577726
M08,6ch,7,5,0.34850299401197604,0.3082518031699283,0.34850299401197604,0.3082518031699283
M08,6ch,7,6,0.4407185628742515,0.4421562526391434,0.4407185628742515,0.4421562526391434
M08,6ch,7,7,0.5748502994011976,0.5720659545199513,0.5748502994011976,0.5720659545199513
M08,6ch,7,8,0.3532934131736527,0.32957826173036064,0.3532934131736527,0.32957826173036064
M08,6ch,7,9,0.5217564870259481,0.5010732764047494,0.5217564870259481,0.5010732764047494
M08,6ch,7,10,0.34770459081836325,0.34085797283765373,0.34770459081836325,0.34085797283765373
M08,6ch,7,11,0.3648702594810379,0.36305047652929645,0.3648702594810379,0.36305047652929645
M08,6ch,7,12,0.3385229540918164,0.3256765901095791,0.3385229540918164,0.3256765901095791
M08,6ch,7,13,0.36367265469061877,0.35223661515521654,0.36367265469061877,0.35223661515521654
M08,6ch,7,14,0.5389221556886228,0.5347890976009216,0.5389221556886228,0.5347890976009216
M08,6ch,7,15,0.3900199600798403,0.3992906113863174,0.3900199600798403,0.3992906113863174
M08,6ch,21,1,0.42594810379241516,0.4173018215503287,0.42594810379241516,0.4173018215503287
M08,6ch,21,2,0.42714570858283435,0.4268468142781553,0.42714570858283435,0.4268468142781553
M08,6ch,21,3,0.27265469061876246,0.23243481154072698,0.27265469061876246,0.23243481154072698
M08,6ch,21,4,0.5373253493013972,0.5114264914004879,0.5373253493013972,0.5114264914004879
M08,6ch,21,5,0.37684630738522956,0.3327087013674348,0.37684630738522956,0.3327087013674348
M08,6ch,21,6,0.45229540918163674,0.45317540253862365,0.45229540918163674,0.45317540253862365
M08,6ch,21,7,0.5888223552894212,0.5898270540343747,0.5888223552894212,0.5898270540343747
M08,6ch,21,8,0.36367265469061877,0.33149606396383585,0.36367265469061877,0.33149606396383585
M08,6ch,21,9,0.49820359281437127,0.48335170547655026,0.49820359281437127,0.48335170547655026
M08,6ch,21,10,0.36407185628742517,0.3471287815721317,0.36407185628742517,0.3471287815721317
M08,6ch,21,11,0.3936127744510978,0.39069487451941914,0.3936127744510978,0.39069487451941914
M08,6ch,21,12,0.33572854291417165,0.32258981118393965,0.33572854291417165,0.32258981118393965
M08,6ch,21,13,0.350499001996008,0.3375123283907227,0.350499001996008,0.3375123283907227
M08,6ch,21,14,0.5740518962075848,0.5681905460371791,0.5740518962075848,0.5681905460371791
M08,6ch,21,15,0.3972055888223553,0.4057659537401693,0.3972055888223553,0.4057659537401693
M10,62ch,1,1,0.25389221556886227,0.2340221755017158,0.25389221556886227,0.2340221755017158
M10,62ch,1,2,0.4151696606786427,0.41534138576782653,0.4151696606786427,0.41534138576782653
M10,62ch,1,3,0.3840319361277445,0.3837051720515583,0.3840319361277445,0.3837051720515583
M10,62ch,1,4,0.6151696606786428,0.6083097814690058,0.6151696606786428,0.6083097814690058
M10,62ch,1,5,0.3976047904191617,0.39329906684764454,0.3976047904191617,0.39329906684764454
M10,62ch,1,6,0.33612774451097804,0.3230761044607995,0.33612774451097804,0.3230761044607995
M10,62ch,1,7,0.6035928143712574,0.6008602964651812,0.6035928143712574,0.6008602964651812
M10,62ch,1,8,0.2650698602794411,0.2541144217568665,0.2650698602794411,0.2541144217568665
M10,62ch,1,9,0.325748502994012,0.2976725704348692,0.325748502994012,0.2976725704348692
M10,62ch,1,10,0.4502994011976048,0.43482084652639563,0.4502994011976048,0.43482084652639563
M10,62ch,1,11,0.28582834331337326,0.25667186985551665,0.28582834331337326,0.25667186985551665
M10,62ch,1,12,0.49700598802395207,0.49142912227539737,0.49700598802395207,0.49142912227539737
M10,62ch,1,13,0.4027944111776447,0.38814158010979294,0.4027944111776447,0.38814158010979294
M10,62ch,1,14,0.4411177644710579,0.44131894151906936,0.4411177644710579,0.44131894151906936
M10,62ch,1,15,0.5852295409181637,0.5880325308901089,0.5852295409181637,0.5880325308901089
M10,62ch,7,1,0.237125748502994,0.21254497974923126,0.237125748502994,0.21254497974923126
M10,62ch,7,2,0.412375249500998,0.4159201029322411,0.412375249500998,0.4159201029322411
M10,62ch,7,3,0.36966067864271457,0.3654939541068408,0.36966067864271457,0.3654939541068408
M10,62ch,7,4,0.6087824351297405,0.6054638984193156,0.6087824351297405,0.6054638984193156
M10,62ch,7,5,0.38962075848303396,0.38707649913440545,0.38962075848303396,0.38707649913440545
M10,62ch,7,6,0.37924151696606784,0.3678283193208884,0.37924151696606784,0.3678283193208884
M10,62ch,7,7,0.590818363273453,0.5883309821574859,0.590818363273453,0.5883309821574859
M10,62ch,7,8,0.2622754491017964,0.2515420856555168,0.2622754491017964,0.2515420856555168
M10,62ch,7,9,0.31057884231536925,0.27254438253589736,0.31057884231536925,0.27254438253589736
M10,62ch,7,10,0.45708582834331335,0.4455367880192283,0.45708582834331335,0.4455367880192283
M10,62ch,7,11,0.29780439121756486,0.27169278318710144,0.29780439121756486,0.27169278318710144
M10,62ch,7,12,0.4906187624750499,0.4877126570950459,0.4906187624750499,0.4877126570950459
M10,62ch,7,13,0.4091816367265469,0.394096762168018,0.4091816367265469,0.394096762168018
M10,62ch,7,14,0.4063872255489022,0.40452713614866026,0.4063872255489022,0.40452713614866026
M10,62ch,7,15,0.5429141716566867,0.5491085507093487,0.5429141716566867,0.5491085507093487
M10,62ch,21,1,0.2375249500998004,0.20672901699232643,0.2375249500998004,0.20672901699232643
M10,62ch,21,2,0.4179640718562874,0.4208451035175647,0.4179640718562874,0.4208451035175647
M10,62ch,21,3,0.3584830339321357,0.3503893633465268,0.3584830339321357,0.3503893633465268
M10,62ch,21,4,0.6231536926147705,0.6204106517917192,0.6231536926147705,0.6204106517917192
M10,62ch,21,5,0.38562874251497004,0.3840430192654383,0.38562874251497004,0.3840430192654383
M10,62ch,21,6,0.3473053892215569,0.3370766288992395,0.3473053892215569,0.3370766288992395
M10,62ch,21,7,0.6103792415169661,0.6082027747187346,0.6103792415169661,0.6082027747187346
M10,62ch,21,8,0.2882235528942116,0.2813968653348718,0.2882235528942116,0.2813968653348718
M10,62ch,21,9,0.3209580838323353,0.2914671344280862,0.3209580838323353,0.2914671344280862
M10,62ch,21,10,0.4542914171656687,0.4404944637926779,0.4542914171656687,0.4404944637926779
M10,62ch,21,11,0.2714570858283433,0.2258148304868225,0.2714570858283433,0.2258148304868225
M10,62ch,21,12,0.5189620758483033,0.5123959357997014,0.5189620758483033,0.5123959357997014
M10,62ch,21,13,0.38682634730538923,0.3707648464119611,0.38682634730538923,0.3707648464119611
M10,62ch,21,14,0.40159680638722556,0.40015285417287716,0.40159680638722556,0.40015285417287716
M10,62ch,21,15,0.5600798403193613,0.5664907575884635,0.5600798403193613,0.5664907575884635
M10,6ch,1,1,0.46506986027944114,0.46290342939471596,0.46506986027944114,0.46290342939471596
M10,6ch,1,2,0.3720558882235529,0.36792820804404613,0.3720558882235529,0.36792820804404613
M10,6ch,1,3,0.4087824351297405,0.39478369425419724,0.4087824351297405,0.39478369425419724
M10,6ch,1,4,0.629940119760479,0.6052309423788065,0.629940119760479,0.6052309423788065
M10,6ch,1,5,0.469061876247505,0.4681051979282671,0.469061876247505,0.4681051979282671
M10,6ch,1,6,0.2998003992015968,0.2908342527919509,0.2998003992015968,0.2908342527919509
M10,6ch,1,7,0.5333333333333333,0.5198172507159905,0.5333333333333333,0.5198172507159905
M10,6ch,1,8,0.29900199600798405,0.31265060668190237,0.29900199600798405,0.31265060668190237
M10,6ch,1,9,0.493812375249501,0.49028421662952565,0.493812375249501,0.49028421662952565
M10,6ch,1,10,0.4471057884231537,0.44964785321672757,0.4471057884231537,0.44964785321672757
M10,6ch,1,11,0.31097804391217565,0.3174350050122152,0.31097804391217565,0.3174350050122152
M10,6ch,1,12,0.36846307385229543,0.3577928974916837,0.36846307385229543,0.3577928974916837
M10,6ch,1,13,0.31776447105788425,0.28895597523353406,0.31776447105788425,0.28895597523353406
M10,6ch,1,14,0.5520958083832336,0.5453643940212558,0.5520958083832336,0.5453643940212558
M10,6ch,1,15,0.43193612774451096,0.4466544388638747,0.43193612774451096,0.4466544388638747
M10,6ch,7,1,0.543313373253493,0.541424012449172,0.543313373253493,0.541424012449172
M10,6ch,7,2,0.3209580838323353,0.30155981022985756,0.3209580838323353,0.30155981022985756
M10,6ch,7,3,0.35409181636726544,0.33418360501049227,0.35409181636726544,0.33418360501049227
M10,6ch,7,4,0.5892215568862276,0.5621510743347533,0.5892215568862276,0.5621510743347533
M10,6ch,7,5,0.43912175648702595,0.4316945317997052,0.43912175648702595,0.4316945317997052
M10,6ch,7,6,0.3093812375249501,0.30269342380094727,0.3093812375249501,0.30269342380094727
M10,6ch,7,7,0.49221556886227547,0.4826384052710141,0.49221556886227547,0.4826384052710141
M10,6ch,7,8,0.4063872255489022,0.41352633372446723,0.4063872255489022,0.41352633372446723
M10,6ch,7,9,0.47784431137724553,0.4585456037569853,0.47784431137724553,0.4585456037569853
M10,6ch,7,10,0.5620758483033932,0.5628482625139088,0.5620758483033932,0.5628482625139088
M10,6ch,7,11,0.2950099800399202,0.30402819344255827,0.2950099800399202,0.30402819344255827
M10,6ch,7,12,0.35489021956087824,0.33604440470973557,0.35489021956087824,0.33604440470973557
M10,6ch,7,13,0.3013972055888224,0.2746952837804266,0.3013972055888224,0.2746952837804266
M10,6ch,7,14,0.5453093812375249,0.5393783476996479,0.5453093812375249,0.5393783476996479
M10,6ch,7,15,0.43313373253493015,0.4469528505303074,0.43313373253493015,0.4469528505303074
M10,6ch,21,1,0.5229540918163673,0.5250615252127755,0.5229540918163673,0.5250615252127755
M10,6ch,21,2,0.36127744510978044,0.35172453340887644,0.36127744510978044,0.35172453340887644
M10,6ch,21,3,0.37924151696606784,0.3615421821145606,0.37924151696606784,0.3615421821145606
M10,6ch,21,4,0.6039920159680638,0.5826334564439627,0.6039920159680638,0.5826334564439627
M10,6ch,21,5,0.449500998003992,0.4315239325498275,0.449500998003992,0.4315239325498275
M10,6ch,21,6,0.33692614770459084,0.3458737850957937,0.33692614770459084,0.3458737850957937
M10,6ch,21,7,0.5281437125748503,0.5239855821959764,0.5281437125748503,0.5239855821959764
M10,6ch,21,8,0.40039920159680636,0.3987536371748911,0.40039920159680636,0.3987536371748911
M10,6ch,21,9,0.615568862275449,0.6063358928133112,0.615568862275449,0.6063358928133112
M10,6ch,21,10,0.5221556886227545,0.5354477295856184,0.5221556886227545,0.5354477295856184
M10,6ch,21,11,0.30419161676646705,0.3064709380186255,0.30419161676646705,0.3064709380186255
M10,6ch,21,12,0.33013972055888224,0.31655678560152944,0.33013972055888224,0.31655678560152944
M10,6ch,21,13,0.32415169660678644,0.3020402452548029,0.32415169660678644,0.3020402452548029
M10,6ch,21,14,0.5129740518962076,0.5002516756929714,0.5129740518962076,0.5002516756929714
M10,6ch,21,15,0.44550898203592815,0.4571475871874119,0.44550898203592815,0.4571475871874119
